run,cpu,workload,ticks,sim_seconds,wall_seconds,insts,cond_incorrect,cond_predicted,mispred_rate,branch_squashes,squash_events_per_minst,squashed_issued,squashed_issued_per_minst,l1d_hits,l1d_misses,l1d_accesses,l1d_miss_rate,l2_hits,l2_misses,l2_accesses,l2_miss_rate,clean_invalid_reqs,clean_invalid_per_minst,accuracy
attack-o3-r10a,O3,spectre_v1_fr 8 10,2136635559,0.002137,11.708,2330087,4951,413907,0.01196162422959747,4568,1960.4418204127142,17852,7661.516501315186,349534,25871,375405,0.0689149052356788,790,24328,25118,0.9685484513098177,22900,9827.959213540096,8/8
attack-o3-r10b,O3,spectre_v1_fr 8 10,2136635559,0.002137,9.664,2330087,4951,413907,0.01196162422959747,4568,1960.4418204127142,17852,7661.516501315186,349534,25871,375405,0.0689149052356788,790,24328,25118,0.9685484513098177,22900,9827.959213540096,8/8
attack-o3-r10c,O3,spectre_v1_fr 8 10,2136635559,0.002137,9.049,2330087,4951,413907,0.01196162422959747,4568,1960.4418204127142,17852,7661.516501315186,349534,25871,375405,0.0689149052356788,790,24328,25118,0.9685484513098177,22900,9827.959213540096,8/8
attack-o3-r30,O3,spectre_v1_fr 8 30,6280547499,0.006281,26.022,6594407,11671,1160525,0.010056655393033326,11283,1710.9953935206001,50187,7610.540265409763,958312,75917,1034229,0.07340443944232854,1070,70088,71158,0.9849630399955029,68660,10411.85356014574,8/8
attack-timing,TimingSimpleCPU,spectre_v1_fr 8 10,2678872446,0.002679,4.023,2329116,0,0,0,0,0.0,0,0.0,838443,23414,861857,0.027166919802240976,799,24109,24908,0.9679219527862534,22900,9832.05645403664,0/8
attack-atomic,AtomicSimpleCPU,spectre_v1_fr 8 10,1543608513,0.001544,2.824,2328876,0,0,0,0,0.0,0,0.0,837556,24221,861777,0.028105878899065535,151,24747,24898,0.9939352558438429,22900,9833.069686836054,0/8
benign-compute,O3,benign_compute,712959327,0.000713,6.763,2732824,996,226300,0.0044012372956252765,659,241.14249582117253,659,241.14249582117253,27633,586,28219,0.020766150465998088,477,1167,1644,0.7098540145985401,0,0.0,n/a
benign-cache,O3,benign_cache,14567357394,0.014567,134.548,54133596,1038,1599155,0.0006490928021361281,720,13.30042807427757,740,13.66988440967417,2120408,529115,2649523,0.19970198409298578,226423,562023,788446,0.7128237063793843,0,0.0,n/a
benign-syscall,O3,benign_syscall,1345437549,0.001345,20.161,932020,1009,1126122,0.0008959952829267167,668,716.722817106929,712,763.9321044612776,227225,684,227909,0.0030011978465089135,453,1195,1648,0.725121359223301,0,0.0,n/a
