run,accuracy,windows,stu_committed,stu_cleanInvalid,stu_squashEvents,stu_squashedIssued,stu_branchMispredicts,stu_condIncorrect,stats_simInsts,stats_cleanInvalid,stats_squashedIssued,stats_branchMispredicts,stats_condIncorrect,syscall_clone,syscall_setuid,syscall_clone_returns,syscall_setuid_returns,first_clone_tick,faults,alerts,spectreAlerts,spectreFirstAlertWindow,firstAlertWindow,firstFlushTick,detectionLatencyTicks,setuidAlerts,setuidFirstAlertWindow,setuidDetectionLatencyTicks,maxCloneSyscallsPerMinst,simTicks,hostSeconds
attack-bimode,8/8,47,2336530,22900,5293,17958,5293,5717,2336530,22900,17958,5293,5717,0,0,0,0,0,0,44,44,2,2,42406218,16643007,0,,,0,2143619901,9.74
attack-jitter-seed1,8/8,63,3144628,24160,6033,26600,6033,6461,3144628,24160,26600,6033,6461,0,0,0,0,0,0,60,60,2,2,43517772,14349303,0,,,0,2419741503,12.55
attack-jitter-seed2,8/8,64,3185702,24225,6096,27053,6096,6524,3185702,24225,27053,6096,6524,0,0,0,0,0,0,61,61,2,2,43517772,14366952,0,,,0,2432542356,12.77
attack-jitter-seed3,8/8,63,3138934,24151,6025,26533,6025,6453,3138934,24151,26533,6025,6453,0,0,0,0,0,0,59,59,2,2,43517772,14366952,0,,,0,2417398848,12.76
attack-jitter-seed4,8/8,65,3222346,24283,6153,27457,6153,6581,3222346,24283,27457,6153,6581,0,0,0,0,0,0,61,61,2,2,43517772,14366952,0,,,0,2445571314,12.98
attack-jitter-seed5,8/8,65,3204665,24255,6130,27262,6130,6558,3204665,24255,27262,6130,6558,0,0,0,0,0,0,62,62,2,2,43517772,14366952,0,,,0,2436664230,12.78
attack-local,8/8,47,2336530,22900,4565,17924,4565,4979,2336530,22900,17924,4565,4979,0,0,0,0,0,0,44,44,2,2,41737554,16346304,0,,,0,2142358164,10.54
attack-local-nostu,8/8,0,0,0,0,0,0,0,2336530,22900,17924,4565,4979,0,0,0,0,0,0,0,0,,,,,0,,,0,2142358164,12.74
attack-local-window200k,8/8,12,2336530,22900,4565,17924,4565,4979,2336530,22900,17924,4565,4979,0,0,0,0,0,0,11,11,1,1,41737554,261508896,0,,,0,2142358164,9.98
attack-local-window50k,8/8,47,2336530,22900,4565,17924,4565,4979,2336530,22900,17924,4565,4979,0,0,0,0,0,0,44,44,2,2,41737554,16346304,0,,,0,2142358164,9.92
attack-ltage,2/8,47,2335702,22900,1122,19692,1122,1516,2335702,22900,19692,1122,1516,0,0,0,0,0,0,44,44,2,2,41663961,15825825,0,,,0,2098992906,10.88
attack-setuid-exhaust-local,n/a,306,15298196,0,80889,241009,80889,81223,15298196,0,241009,80889,81223,40000,40,40000,40,41232393,0,2,0,,10,,,2,10,64469466,2640,2341879110,55.29
attack-setuid-exhaust-tournament,n/a,306,15298196,0,40887,121055,40887,41216,15298196,0,121055,40887,41216,40000,40,40000,40,41222736,0,2,0,,10,,,2,10,60062211,2640,2181921228,54.72
attack-tournament,4/8,47,2335856,22900,3888,18215,3888,4282,2335856,22900,18215,3888,4282,0,0,0,0,0,0,44,44,2,2,41638653,15806844,0,,,0,2141898624,10.28
benign-cache-local,n/a,1083,54133596,0,720,740,720,1038,54133596,0,740,720,1038,0,0,0,0,0,0,0,0,,,,,0,,,0,14567357394,154.89
benign-cache-tournament,n/a,1083,54133596,0,699,682,699,1011,54133596,0,682,699,1011,0,0,0,0,0,0,0,0,,,,,0,,,0,14521992138,148.67
benign-compute-local,n/a,55,2732824,0,659,659,659,996,2732824,0,659,659,996,0,0,0,0,0,0,0,0,,,,,0,,,0,712959327,5.37
benign-compute-tournament,n/a,55,2732824,0,659,631,659,993,2732824,0,631,659,993,0,0,0,0,0,0,0,0,,,,,0,,,0,712737216,5.53
benign-flush-local,n/a,80,3965963,12800,1106,697,1106,1419,3965963,12800,697,1106,1419,0,0,0,0,0,0,0,0,,,38283678,,0,,,0,692870769,9.07
benign-flush-tournament,n/a,80,3965963,12800,1090,658,1090,1399,3965963,12800,658,1090,1399,0,0,0,0,0,0,0,0,,,38139489,,0,,,0,690065577,8.91
benign-privdrop-local,n/a,83,4123270,0,1453,1240,1453,2285,4123270,0,1240,1453,2285,240,5,240,5,44130492,0,0,0,,,,,0,,,80,1500295203,11.03
benign-privdrop-tournament,n/a,83,4123270,0,1447,1256,1447,2258,4123270,0,1256,1447,2258,240,5,240,5,44044911,0,0,0,,,,,0,,,80,1500192306,10.42
benign-proc-mix-local,n/a,3,135994,0,694,823,694,1057,135994,0,823,694,1057,8,0,8,0,38346948,0,0,0,,,,,0,,,222.259,48661956,0.46
benign-proc-mix-tournament,n/a,3,135994,0,701,793,701,1052,135994,0,793,701,1052,8,0,8,0,38226402,0,0,0,,,,,0,,,222.259,48498120,0.5
benign-syscall-local,n/a,19,932020,0,668,712,668,1009,932020,0,712,668,1009,0,0,0,0,0,0,0,0,,,,,0,,,0,1345437549,20.25
benign-syscall-tournament,n/a,19,932020,0,680,684,680,1023,932020,0,684,680,1023,0,0,0,0,0,0,0,0,,,,,0,,,0,1345355964,18.73
