run,group,bp,workload,ticks,sim_seconds,wall_seconds,insts,cond_incorrect,cond_predicted,mispred_rate,branch_squashes,squash_events_per_minst,squashed_issued,squashed_issued_per_minst,l1d_hits,l1d_misses,l1d_accesses,l1d_miss_rate,l2_hits,l2_misses,l2_accesses,l2_miss_rate,clean_invalid_reqs,clean_invalid_per_minst,accuracy_correct,accuracy_total,accuracy,calib_hit,calib_miss,calib_threshold
attack-o3-bp-tournament,A,TournamentBP,spectre_v1_fr 8 10,2141898624,0.002142,9.37,2335856,4282,407760,0.010501275259956838,3888,1664.4861669554973,18215,7797.997821783534,349357,25828,375185,0.06884070525207564,743,24337,25080,0.9703748006379586,22900,9803.686528621629,4,8,4/8,24,77,50
attack-o3-bp-ltage,A,LTAGE,spectre_v1_fr 8 10,2098992906,0.002099,11.235,2335702,1516,372911,0.00406531317123925,1122,480.36949919124953,19692,8430.870033934123,348331,25822,374153,0.06901454752467573,735,24338,25073,0.9706855980536833,22900,9804.332915757233,2,8,2/8,23,77,50
attack-o3-bp-bimode,A,BiModeBP,spectre_v1_fr 8 10,2143619901,0.002144,11.651,2336530,5717,416056,0.01374093871978772,5293,2265.3250760743495,17958,7685.756228253008,352723,25901,378624,0.0684082361392833,803,24373,25176,0.9681045440101684,22900,9800.858538088532,8,8,8/8,23,77,50
benign-compute-tournament,B,TournamentBP,benign_compute,712737216,0.000713,6.799,2732824,993,226303,0.004387922387241883,659,241.14249582117253,631,230.8966841626098,27679,573,28252,0.020281749964604277,477,1162,1639,0.7089688834655278,0,0.0,,,n/a,,,
benign-cache-tournament,B,TournamentBP,benign_cache,14521992138,0.014522,178.163,54133596,1011,1599083,0.0006322373510318101,699,12.912498922111142,682,12.598461037024032,2120066,529471,2649537,0.1998352919774285,227078,561350,788428,0.7119863830305367,0,0.0,,,n/a,,,
benign-syscall-tournament,B,TournamentBP,benign_syscall,1345355964,0.001345,22.301,932020,1023,1126143,0.0009084103883787405,680,729.5980772944787,684,733.8898306903285,227292,679,227971,0.0029784490132516855,459,1184,1643,0.7206329884357882,0,0.0,,,n/a,,,
attack-o3-jitter-seed1,C,LocalBP,spectre_v1_fr 8 10 0 1,2419741503,0.00242,13.871,3144628,6461,583643,0.011070123345949492,6033,1918.5099159582628,26600,8458.870174786969,493335,28598,521933,0.05479247336343937,944,25638,26582,0.9644872470092544,24160,7682.943737701247,8,8,8/8,24,77,50
attack-o3-jitter-seed2,C,LocalBP,spectre_v1_fr 8 10 0 2,2432542356,0.002433,14.422,3185702,6524,592136,0.011017739168028966,6096,1913.5499805066513,27053,8492.005843609979,500415,28729,529144,0.054293349258424925,944,25703,26647,0.9645738732315082,24225,7604.289415645279,8,8,8/8,24,77,50
attack-o3-jitter-seed3,C,LocalBP,spectre_v1_fr 8 10 0 3,2417398848,0.002417,15.469,3138934,6453,582495,0.011078206679885664,6025,1919.4414409477868,26533,8452.86966849255,492350,28581,520931,0.054865231671756914,944,25629,26573,0.9644752192074663,24151,7694.0133178970955,8,8,8/8,24,77,50
attack-o3-jitter-seed4,C,LocalBP,spectre_v1_fr 8 10 0 4,2445571314,0.002446,25.098,3222346,6581,599736,0.010973161524404071,6153,1909.478373830743,27457,8520.810614378468,506735,28845,535580,0.053857500280070206,944,25761,26705,0.9646508144542221,24283,7535.813969077188,8,8,8/8,24,77,50
attack-o3-jitter-seed5,C,LocalBP,spectre_v1_fr 8 10 0 5,2436664230,0.002437,25.67,3204665,6558,596093,0.01100163900599403,6130,1912.83644312276,27262,8506.973427799787,503686,28789,532475,0.05406638809333771,944,25733,26677,0.9646137121865277,24255,7568.653821850334,8,8,8/8,24,77,50
benign-flush-local,D,LocalBP,benign_flush,692870769,0.000693,19.724,3965963,1419,434598,0.003265086355666616,1106,278.8730000758958,697,175.74546207314592,424672,3885,428557,0.009065305198608353,5691,8769,14460,0.6064315352697095,12800,3227.463292017601,,,n/a,,,
benign-flush-tournament,D,TournamentBP,benign_flush,690065577,0.00069,19.452,3965963,1399,434565,0.003219311265288277,1090,274.8386709608738,658,165.9117848552798,424762,3844,428606,0.008968609865470852,5905,8552,14457,0.5915473473058034,12800,3227.463292017601,,,n/a,,,
